,Name,Email,Role,Business Line,Location,Client,Dashboard,User Activity,Duties,Relevant Insights
0,David James,monica14@mason.com,Portfolio Manager,Project Management,Boston,Skyline Properties,Asset Performance,110,Oversees the performance of a collection of assets or a portfolio.,"Investment Returns, Asset Valuation"
1,Danielle Davis,martha02@cannon-patterson.com,Portfolio Manager,Facilities Management,Dallas,NexaRetail,Asset Performance,25,Oversees the performance of a collection of assets or a portfolio.,"Investment Returns, Asset Valuation"
2,Lisa Hoffman,yhenry@williams.com,Portfolio Manager,Project Management,New York,Bank of ACME,Asset Performance,56,Oversees the performance of a collection of assets or a portfolio.,"Investment Returns, Asset Valuation"
3,Andrea Valdez,tholt@lewis.com,Portfolio Manager,Lease Administration,Boston,NexaRetail,Asset Performance,29,Oversees the performance of a collection of assets or a portfolio.,"Investment Returns, Asset Valuation"
4,Robin Mclaughlin,beasleyanthony@andersen.org,Portfolio Manager,Energy Management,San Francisco,StreamView Media,Asset Performance,84,Oversees the performance of a collection of assets or a portfolio.,"Investment Returns, Asset Valuation"
5,Craig Rogers,wanda60@jackson-ochoa.org,Portfolio Manager,Energy Management,San Francisco,NexaRetail,Asset Performance,40,Oversees the performance of a collection of assets or a portfolio.,"Investment Returns, Asset Valuation"
6,Joseph Stout,taramartin@cunningham.com,Portfolio Manager,Occupancy Management,New York,StreamView Media,Asset Performance,59,Oversees the performance of a collection of assets or a portfolio.,"Investment Returns, Asset Valuation"
7,Kim Decker,harmonjoe@hotmail.com,Portfolio Manager,Project Management,Miami,GreenLeaf Co.,Asset Performance,226,Oversees the performance of a collection of assets or a portfolio.,"Investment Returns, Asset Valuation"
8,Stephen Conway,marioscott@diaz.com,Portfolio Manager,Occupancy Management,Atlanta,GreenLeaf Co.,Asset Performance,151,Oversees the performance of a collection of assets or a portfolio.,"Investment Returns, Asset Valuation"
9,Amanda Wise,peter00@hotmail.com,Portfolio Manager,Project Management,Dallas,StreamView Media,Asset Performance,16,Oversees the performance of a collection of assets or a portfolio.,"Investment Returns, Asset Valuation"
10,Michael Bryant,logan86@hotmail.com,Portfolio Manager,Project Management,Seattle,NexaRetail,Asset Performance,67,Oversees the performance of a collection of assets or a portfolio.,"Investment Returns, Asset Valuation"
11,Dawn Thompson,fmckinney@yahoo.com,Portfolio Manager,Lease Administration,San Francisco,EverGrow Farms,Asset Performance,42,Oversees the performance of a collection of assets or a portfolio.,"Investment Returns, Asset Valuation"
12,Karen Fernandez,oscar26@williams-clark.org,Portfolio Manager,Lease Administration,Boston,TechSphere Inc.,Asset Performance,76,Oversees the performance of a collection of assets or a portfolio.,"Investment Returns, Asset Valuation"
13,Marcus Tate,jcantu@welch-lee.com,Portfolio Manager,Project Management,Seattle,StreamView Media,Asset Performance,165,Oversees the performance of a collection of assets or a portfolio.,"Investment Returns, Asset Valuation"
14,Tracy Reynolds,djohnson@yahoo.com,Portfolio Manager,Lease Administration,Los Angeles,StreamView Media,Asset Performance,30,Oversees the performance of a collection of assets or a portfolio.,"Investment Returns, Asset Valuation"
15,Johnathan Bennett,santanabrandon@hotmail.com,Portfolio Manager,Lease Administration,Houston,Quantum Dynamics,Asset Performance,18,Oversees the performance of a collection of assets or a portfolio.,"Investment Returns, Asset Valuation"
16,Kevin Cross,dorothyparks@gmail.com,Portfolio Manager,Occupancy Management,Seattle,Skyline Properties,Asset Performance,45,Oversees the performance of a collection of assets or a portfolio.,"Investment Returns, Asset Valuation"
17,William Smith,whitetara@johnson.com,Portfolio Manager,Project Management,Seattle,Skyline Properties,Asset Performance,119,Oversees the performance of a collection of assets or a portfolio.,"Investment Returns, Asset Valuation"
18,Haley Chen,williamramirez@hotmail.com,Portfolio Manager,Occupancy Management,New York,GreenLeaf Co.,Asset Performance,190,Oversees the performance of a collection of assets or a portfolio.,"Investment Returns, Asset Valuation"
19,Julie Anderson,ebony21@jordan.com,Portfolio Manager,Project Management,Los Angeles,StreamView Media,Asset Performance,68,Oversees the performance of a collection of assets or a portfolio.,"Investment Returns, Asset Valuation"
20,Debra Jones,lbolton@tran-hanna.com,Portfolio Manager,Project Management,New York,Quantum Dynamics,Asset Performance,34,Oversees the performance of a collection of assets or a portfolio.,"Investment Returns, Asset Valuation"
21,David Solomon,carlamclaughlin@yahoo.com,Portfolio Manager,Energy Management,San Francisco,NexaRetail,Asset Performance,23,Oversees the performance of a collection of assets or a portfolio.,"Investment Returns, Asset Valuation"
22,David James,monica14@mason.com,Portfolio Manager,Project Management,Boston,Skyline Properties,Investment Returns,34,Oversees the performance of a collection of assets or a portfolio.,"Investment Returns, Asset Valuation"
23,Lisa Hoffman,yhenry@williams.com,Portfolio Manager,Project Management,New York,Bank of ACME,Investment Returns,126,Oversees the performance of a collection of assets or a portfolio.,"Investment Returns, Asset Valuation"
24,Andrea Valdez,tholt@lewis.com,Portfolio Manager,Lease Administration,Boston,NexaRetail,Investment Returns,169,Oversees the performance of a collection of assets or a portfolio.,"Investment Returns, Asset Valuation"
25,Robin Mclaughlin,beasleyanthony@andersen.org,Portfolio Manager,Energy Management,San Francisco,StreamView Media,Investment Returns,74,Oversees the performance of a collection of assets or a portfolio.,"Investment Returns, Asset Valuation"
26,Anna Gibson,sabrinasellers@lawrence.com,Portfolio Manager,Lease Administration,New York,Skyline Properties,Investment Returns,142,Oversees the performance of a collection of assets or a portfolio.,"Investment Returns, Asset Valuation"
27,Joseph Stout,taramartin@cunningham.com,Portfolio Manager,Occupancy Management,New York,StreamView Media,Investment Returns,138,Oversees the performance of a collection of assets or a portfolio.,"Investment Returns, Asset Valuation"
28,Kim Decker,harmonjoe@hotmail.com,Portfolio Manager,Project Management,Miami,GreenLeaf Co.,Investment Returns,35,Oversees the performance of a collection of assets or a portfolio.,"Investment Returns, Asset Valuation"
29,Julie Wright,kyle91@yahoo.com,Portfolio Manager,Facilities Management,Chicago,GreenLeaf Co.,Investment Returns,9,Oversees the performance of a collection of assets or a portfolio.,"Investment Returns, Asset Valuation"
30,Dawn Thompson,fmckinney@yahoo.com,Portfolio Manager,Lease Administration,San Francisco,EverGrow Farms,Investment Returns,151,Oversees the performance of a collection of assets or a portfolio.,"Investment Returns, Asset Valuation"
31,Karen Fernandez,oscar26@williams-clark.org,Portfolio Manager,Lease Administration,Boston,TechSphere Inc.,Investment Returns,153,Oversees the performance of a collection of assets or a portfolio.,"Investment Returns, Asset Valuation"
32,Marcus Tate,jcantu@welch-lee.com,Portfolio Manager,Project Management,Seattle,StreamView Media,Investment Returns,39,Oversees the performance of a collection of assets or a portfolio.,"Investment Returns, Asset Valuation"
33,Johnathan Bennett,santanabrandon@hotmail.com,Portfolio Manager,Lease Administration,Houston,Quantum Dynamics,Investment Returns,88,Oversees the performance of a collection of assets or a portfolio.,"Investment Returns, Asset Valuation"
34,Kevin Cross,dorothyparks@gmail.com,Portfolio Manager,Occupancy Management,Seattle,Skyline Properties,Investment Returns,145,Oversees the performance of a collection of assets or a portfolio.,"Investment Returns, Asset Valuation"
35,William Smith,whitetara@johnson.com,Portfolio Manager,Project Management,Seattle,Skyline Properties,Investment Returns,0,Oversees the performance of a collection of assets or a portfolio.,"Investment Returns, Asset Valuation"
36,Haley Chen,williamramirez@hotmail.com,Portfolio Manager,Occupancy Management,New York,GreenLeaf Co.,Investment Returns,86,Oversees the performance of a collection of assets or a portfolio.,"Investment Returns, Asset Valuation"
37,Debra Jones,lbolton@tran-hanna.com,Portfolio Manager,Project Management,New York,Quantum Dynamics,Investment Returns,134,Oversees the performance of a collection of assets or a portfolio.,"Investment Returns, Asset Valuation"
38,Mrs. Regina Armstrong,clarkjulian@yahoo.com,Portfolio Manager,Energy Management,Miami,Bank of ACME,Investment Returns,165,Oversees the performance of a collection of assets or a portfolio.,"Investment Returns, Asset Valuation"
39,Kristen Daugherty,thorntondebbie@bailey.com,Asset Manager,Project Management,Dallas,TechSphere Inc.,Asset Valuation,91,Has scope of all buildings in a portfolio.,"Rent Collection, Asset Performance"
40,Dr. Justin Nguyen,dianevelazquez@hall.com,Asset Manager,Project Management,Seattle,Quantum Dynamics,Asset Valuation,81,Has scope of all buildings in a portfolio.,"Rent Collection, Asset Performance"
41,Jason Hill,patrickregina@yahoo.com,Asset Manager,Facilities Management,Seattle,TechSphere Inc.,Asset Valuation,55,Has scope of all buildings in a portfolio.,"Rent Collection, Asset Performance"
42,Christian Davis,gregorycampbell@sosa-hernandez.biz,Asset Manager,Occupancy Management,Atlanta,TechSphere Inc.,Asset Valuation,19,Has scope of all buildings in a portfolio.,"Rent Collection, Asset Performance"
43,Tiffany Hernandez,sara05@marks.com,Asset Manager,Occupancy Management,Dallas,Bank of ACME,Asset Valuation,135,Has scope of all buildings in a portfolio.,"Rent Collection, Asset Performance"
44,Joshua Williams,bfuentes@hotmail.com,Asset Manager,Project Management,San Francisco,TechSphere Inc.,Asset Valuation,116,Has scope of all buildings in a portfolio.,"Rent Collection, Asset Performance"
45,Scott Palmer,jamestaylor@yahoo.com,Asset Manager,Facilities Management,New York,TechSphere Inc.,Asset Valuation,54,Has scope of all buildings in a portfolio.,"Rent Collection, Asset Performance"
46,Dennis Gibson,wgeorge@rose.com,Asset Manager,Facilities Management,Houston,EverGrow Farms,Asset Valuation,156,Has scope of all buildings in a portfolio.,"Rent Collection, Asset Performance"
47,Audrey Hamilton,bsnow@hotmail.com,Asset Manager,Energy Management,Atlanta,Bank of ACME,Asset Valuation,211,Has scope of all buildings in a portfolio.,"Rent Collection, Asset Performance"
48,Michelle Mcdonald,jordan47@smith.com,Asset Manager,Project Management,Atlanta,NexaRetail,Asset Valuation,90,Has scope of all buildings in a portfolio.,"Rent Collection, Asset Performance"
49,Rebecca Bullock,djones@scott.org,Asset Manager,Facilities Management,New York,TechSphere Inc.,Asset Valuation,151,Has scope of all buildings in a portfolio.,"Rent Collection, Asset Performance"
50,Susan Pugh,cynthia53@gmail.com,Asset Manager,Occupancy Management,Boston,NexaRetail,Asset Valuation,27,Has scope of all buildings in a portfolio.,"Rent Collection, Asset Performance"
51,Tammy Foster,david84@gmail.com,Asset Manager,Lease Administration,Miami,TechSphere Inc.,Asset Valuation,8,Has scope of all buildings in a portfolio.,"Rent Collection, Asset Performance"
52,Andrew Gray,bakerjason@gmail.com,Asset Manager,Energy Management,Miami,GreenLeaf Co.,Asset Valuation,55,Has scope of all buildings in a portfolio.,"Rent Collection, Asset Performance"
53,Tara Cochran,christopher04@mendoza.com,Asset Manager,Project Management,Miami,Bank of ACME,Asset Valuation,94,Has scope of all buildings in a portfolio.,"Rent Collection, Asset Performance"
54,Jose Campbell,ctaylor@yahoo.com,Asset Manager,Lease Administration,Dallas,EverGrow Farms,Asset Valuation,35,Has scope of all buildings in a portfolio.,"Rent Collection, Asset Performance"
55,Crystal Anderson,jon88@williams.com,Asset Manager,Energy Management,Seattle,GreenLeaf Co.,Asset Valuation,102,Has scope of all buildings in a portfolio.,"Rent Collection, Asset Performance"
56,Dr. Justin Nguyen,dianevelazquez@hall.com,Asset Manager,Project Management,Seattle,Quantum Dynamics,Rent Collection,109,Has scope of all buildings in a portfolio.,"Rent Collection, Asset Performance"
57,Veronica Garza,shericampbell@valenzuela-taylor.biz,Asset Manager,Project Management,Seattle,GreenLeaf Co.,Rent Collection,41,Has scope of all buildings in a portfolio.,"Rent Collection, Asset Performance"
58,Joseph Richardson,sray@moore-jones.com,Asset Manager,Facilities Management,New York,StreamView Media,Rent Collection,17,Has scope of all buildings in a portfolio.,"Rent Collection, Asset Performance"
59,Jason Hill,patrickregina@yahoo.com,Asset Manager,Facilities Management,Seattle,TechSphere Inc.,Rent Collection,89,Has scope of all buildings in a portfolio.,"Rent Collection, Asset Performance"
60,Micheal Clark,florespatricia@harrington.com,Asset Manager,Occupancy Management,Boston,NexaRetail,Rent Collection,98,Has scope of all buildings in a portfolio.,"Rent Collection, Asset Performance"
61,Tiffany Hernandez,sara05@marks.com,Asset Manager,Occupancy Management,Dallas,Bank of ACME,Rent Collection,96,Has scope of all buildings in a portfolio.,"Rent Collection, Asset Performance"
62,Joshua Williams,bfuentes@hotmail.com,Asset Manager,Project Management,San Francisco,TechSphere Inc.,Rent Collection,49,Has scope of all buildings in a portfolio.,"Rent Collection, Asset Performance"
63,Dennis Gibson,wgeorge@rose.com,Asset Manager,Facilities Management,Houston,EverGrow Farms,Rent Collection,80,Has scope of all buildings in a portfolio.,"Rent Collection, Asset Performance"
64,Audrey Hamilton,bsnow@hotmail.com,Asset Manager,Energy Management,Atlanta,Bank of ACME,Rent Collection,39,Has scope of all buildings in a portfolio.,"Rent Collection, Asset Performance"
65,Scott Vega,kevin89@yahoo.com,Asset Manager,Facilities Management,Los Angeles,TechSphere Inc.,Rent Collection,202,Has scope of all buildings in a portfolio.,"Rent Collection, Asset Performance"
66,Michelle Mcdonald,jordan47@smith.com,Asset Manager,Project Management,Atlanta,NexaRetail,Rent Collection,96,Has scope of all buildings in a portfolio.,"Rent Collection, Asset Performance"
67,Rebecca Bullock,djones@scott.org,Asset Manager,Facilities Management,New York,TechSphere Inc.,Rent Collection,95,Has scope of all buildings in a portfolio.,"Rent Collection, Asset Performance"
68,Susan Pugh,cynthia53@gmail.com,Asset Manager,Occupancy Management,Boston,NexaRetail,Rent Collection,92,Has scope of all buildings in a portfolio.,"Rent Collection, Asset Performance"
69,Tammy Foster,david84@gmail.com,Asset Manager,Lease Administration,Miami,TechSphere Inc.,Rent Collection,74,Has scope of all buildings in a portfolio.,"Rent Collection, Asset Performance"
70,Andrew Gray,bakerjason@gmail.com,Asset Manager,Energy Management,Miami,GreenLeaf Co.,Rent Collection,64,Has scope of all buildings in a portfolio.,"Rent Collection, Asset Performance"
71,Tara Cochran,christopher04@mendoza.com,Asset Manager,Project Management,Miami,Bank of ACME,Rent Collection,165,Has scope of all buildings in a portfolio.,"Rent Collection, Asset Performance"
72,Crystal Anderson,jon88@williams.com,Asset Manager,Energy Management,Seattle,GreenLeaf Co.,Rent Collection,52,Has scope of all buildings in a portfolio.,"Rent Collection, Asset Performance"
73,Shannon Rose,colemantina@gmail.com,Building Manager,Lease Administration,Atlanta,EverGrow Farms,Building Health,32,Manages a single building or asset.,"Building Health, Occupancy Rate"
74,Charles Love,mullinssharon@yahoo.com,Building Manager,Facilities Management,Dallas,Bank of ACME,Building Health,75,Manages a single building or asset.,"Building Health, Occupancy Rate"
75,Edward Martinez,lori69@meyer.info,Building Manager,Facilities Management,Dallas,GreenLeaf Co.,Building Health,69,Manages a single building or asset.,"Building Health, Occupancy Rate"
76,Leah Lang,amy94@hotmail.com,Building Manager,Project Management,Los Angeles,Bank of ACME,Building Health,130,Manages a single building or asset.,"Building Health, Occupancy Rate"
77,Ryan Mays,mlopez@houston.com,Building Manager,Facilities Management,Dallas,Skyline Properties,Building Health,71,Manages a single building or asset.,"Building Health, Occupancy Rate"
78,Amanda Clark,eatonamy@ingram.info,Building Manager,Facilities Management,Atlanta,StreamView Media,Building Health,132,Manages a single building or asset.,"Building Health, Occupancy Rate"
79,Jessica Fischer,gwood@hotmail.com,Building Manager,Project Management,Miami,Skyline Properties,Building Health,32,Manages a single building or asset.,"Building Health, Occupancy Rate"
80,Patricia Martin,cynthiastrong@perkins.biz,Building Manager,Energy Management,Chicago,Skyline Properties,Building Health,76,Manages a single building or asset.,"Building Health, Occupancy Rate"
81,Debbie Smith,jason54@hotmail.com,Building Manager,Facilities Management,Los Angeles,EverGrow Farms,Building Health,6,Manages a single building or asset.,"Building Health, Occupancy Rate"
82,Larry Buchanan,ddurham@hotmail.com,Building Manager,Lease Administration,San Francisco,Skyline Properties,Building Health,41,Manages a single building or asset.,"Building Health, Occupancy Rate"
83,Theodore Collins,sean52@cannon-ponce.biz,Building Manager,Lease Administration,Miami,Quantum Dynamics,Building Health,53,Manages a single building or asset.,"Building Health, Occupancy Rate"
84,Jessica Johnson,heather86@mcbride.org,Building Manager,Project Management,San Francisco,TechSphere Inc.,Building Health,99,Manages a single building or asset.,"Building Health, Occupancy Rate"
85,Brian Graves,kimberly30@yahoo.com,Building Manager,Occupancy Management,Chicago,StreamView Media,Building Health,96,Manages a single building or asset.,"Building Health, Occupancy Rate"
86,Shannon Rose,colemantina@gmail.com,Building Manager,Lease Administration,Atlanta,EverGrow Farms,Occupancy Rate,11,Manages a single building or asset.,"Building Health, Occupancy Rate"
87,Joy Duran,uwilliams@gonzalez-west.info,Building Manager,Occupancy Management,Houston,EverGrow Farms,Occupancy Rate,247,Manages a single building or asset.,"Building Health, Occupancy Rate"
88,Charles Love,mullinssharon@yahoo.com,Building Manager,Facilities Management,Dallas,Bank of ACME,Occupancy Rate,100,Manages a single building or asset.,"Building Health, Occupancy Rate"
89,Larry Duncan,hthornton@lucas.com,Building Manager,Facilities Management,Los Angeles,StreamView Media,Occupancy Rate,129,Manages a single building or asset.,"Building Health, Occupancy Rate"
90,Edward Martinez,lori69@meyer.info,Building Manager,Facilities Management,Dallas,GreenLeaf Co.,Occupancy Rate,85,Manages a single building or asset.,"Building Health, Occupancy Rate"
91,Leah Lang,amy94@hotmail.com,Building Manager,Project Management,Los Angeles,Bank of ACME,Occupancy Rate,41,Manages a single building or asset.,"Building Health, Occupancy Rate"
92,Ryan Mays,mlopez@houston.com,Building Manager,Facilities Management,Dallas,Skyline Properties,Occupancy Rate,70,Manages a single building or asset.,"Building Health, Occupancy Rate"
93,Jessica Fischer,gwood@hotmail.com,Building Manager,Project Management,Miami,Skyline Properties,Occupancy Rate,239,Manages a single building or asset.,"Building Health, Occupancy Rate"
94,Patricia Martin,cynthiastrong@perkins.biz,Building Manager,Energy Management,Chicago,Skyline Properties,Occupancy Rate,41,Manages a single building or asset.,"Building Health, Occupancy Rate"
95,Larry Buchanan,ddurham@hotmail.com,Building Manager,Lease Administration,San Francisco,Skyline Properties,Occupancy Rate,111,Manages a single building or asset.,"Building Health, Occupancy Rate"
96,Brian Kelly,ujones@hotmail.com,Building Manager,Occupancy Management,Miami,Skyline Properties,Occupancy Rate,189,Manages a single building or asset.,"Building Health, Occupancy Rate"
97,Jessica Johnson,heather86@mcbride.org,Building Manager,Project Management,San Francisco,TechSphere Inc.,Occupancy Rate,88,Manages a single building or asset.,"Building Health, Occupancy Rate"
98,Jerry Scott,andrewjohnson@sloan.biz,Building Manager,Lease Administration,Chicago,NexaRetail,Occupancy Rate,73,Manages a single building or asset.,"Building Health, Occupancy Rate"
99,Jennifer Glenn DDS,woodwardedward@gardner-lee.biz,Building Manager,Energy Management,Seattle,NexaRetail,Occupancy Rate,155,Manages a single building or asset.,"Building Health, Occupancy Rate"
100,Mrs. Teresa Dorsey MD,nancycopeland@hotmail.com,Account Director,Energy Management,New York,StreamView Media,Client Accounts,47,Oversees client accounts and relationships across multiple buildings or portfolios.,"Client Satisfaction, Portfolio Overview"
101,Zachary Woods,danielevans@gmail.com,Account Director,Project Management,Atlanta,StreamView Media,Client Accounts,19,Oversees client accounts and relationships across multiple buildings or portfolios.,"Client Satisfaction, Portfolio Overview"
102,Shannon Perkins,christopherprice@miller-brooks.com,Account Director,Project Management,Miami,Bank of ACME,Client Accounts,61,Oversees client accounts and relationships across multiple buildings or portfolios.,"Client Satisfaction, Portfolio Overview"
103,Lauren Bryan,wwalters@gmail.com,Account Director,Occupancy Management,Seattle,GreenLeaf Co.,Client Accounts,149,Oversees client accounts and relationships across multiple buildings or portfolios.,"Client Satisfaction, Portfolio Overview"
104,Jasmine Johnson,zboyd@haynes-adams.info,Account Director,Facilities Management,Boston,StreamView Media,Client Accounts,91,Oversees client accounts and relationships across multiple buildings or portfolios.,"Client Satisfaction, Portfolio Overview"
105,Virginia Walton,sergio44@luna.com,Account Director,Occupancy Management,San Francisco,NexaRetail,Client Accounts,88,Oversees client accounts and relationships across multiple buildings or portfolios.,"Client Satisfaction, Portfolio Overview"
106,Christopher Wood,ashley27@horton.info,Account Director,Project Management,Los Angeles,Skyline Properties,Client Accounts,82,Oversees client accounts and relationships across multiple buildings or portfolios.,"Client Satisfaction, Portfolio Overview"
107,Frederick Goodman,veronicablevins@gmail.com,Account Director,Occupancy Management,Boston,TechSphere Inc.,Client Accounts,87,Oversees client accounts and relationships across multiple buildings or portfolios.,"Client Satisfaction, Portfolio Overview"
108,Tina Thompson,jhardy@martin-brown.com,Account Director,Occupancy Management,Atlanta,TechSphere Inc.,Client Accounts,56,Oversees client accounts and relationships across multiple buildings or portfolios.,"Client Satisfaction, Portfolio Overview"
109,Phillip Price,james81@gmail.com,Account Director,Occupancy Management,San Francisco,Skyline Properties,Client Accounts,18,Oversees client accounts and relationships across multiple buildings or portfolios.,"Client Satisfaction, Portfolio Overview"
110,Elizabeth Wood,shannontimothy@smith-ho.com,Account Director,Project Management,Dallas,TechSphere Inc.,Client Accounts,88,Oversees client accounts and relationships across multiple buildings or portfolios.,"Client Satisfaction, Portfolio Overview"
111,Stacey Flores,joseph42@becker.info,Account Director,Energy Management,Seattle,EverGrow Farms,Client Accounts,143,Oversees client accounts and relationships across multiple buildings or portfolios.,"Client Satisfaction, Portfolio Overview"
112,Kristopher Murray,nicholashoward@hotmail.com,Account Director,Lease Administration,San Francisco,Skyline Properties,Client Accounts,61,Oversees client accounts and relationships across multiple buildings or portfolios.,"Client Satisfaction, Portfolio Overview"
113,Paula Morrison,garciajason@logan.com,Account Director,Facilities Management,Seattle,Quantum Dynamics,Client Accounts,100,Oversees client accounts and relationships across multiple buildings or portfolios.,"Client Satisfaction, Portfolio Overview"
114,Mrs. Teresa Dorsey MD,nancycopeland@hotmail.com,Account Director,Energy Management,New York,StreamView Media,Revenue Metrics,64,Oversees client accounts and relationships across multiple buildings or portfolios.,"Client Satisfaction, Portfolio Overview"
115,Zachary Woods,danielevans@gmail.com,Account Director,Project Management,Atlanta,StreamView Media,Revenue Metrics,56,Oversees client accounts and relationships across multiple buildings or portfolios.,"Client Satisfaction, Portfolio Overview"
116,Alexandra Wagner,antonio72@hotmail.com,Account Director,Energy Management,Boston,Skyline Properties,Revenue Metrics,26,Oversees client accounts and relationships across multiple buildings or portfolios.,"Client Satisfaction, Portfolio Overview"
117,Lauren Bryan,wwalters@gmail.com,Account Director,Occupancy Management,Seattle,GreenLeaf Co.,Revenue Metrics,120,Oversees client accounts and relationships across multiple buildings or portfolios.,"Client Satisfaction, Portfolio Overview"
118,Jasmine Johnson,zboyd@haynes-adams.info,Account Director,Facilities Management,Boston,StreamView Media,Revenue Metrics,75,Oversees client accounts and relationships across multiple buildings or portfolios.,"Client Satisfaction, Portfolio Overview"
119,Virginia Walton,sergio44@luna.com,Account Director,Occupancy Management,San Francisco,NexaRetail,Revenue Metrics,117,Oversees client accounts and relationships across multiple buildings or portfolios.,"Client Satisfaction, Portfolio Overview"
120,Christopher Wood,ashley27@horton.info,Account Director,Project Management,Los Angeles,Skyline Properties,Revenue Metrics,64,Oversees client accounts and relationships across multiple buildings or portfolios.,"Client Satisfaction, Portfolio Overview"
121,Frederick Goodman,veronicablevins@gmail.com,Account Director,Occupancy Management,Boston,TechSphere Inc.,Revenue Metrics,46,Oversees client accounts and relationships across multiple buildings or portfolios.,"Client Satisfaction, Portfolio Overview"
122,Tina Thompson,jhardy@martin-brown.com,Account Director,Occupancy Management,Atlanta,TechSphere Inc.,Revenue Metrics,173,Oversees client accounts and relationships across multiple buildings or portfolios.,"Client Satisfaction, Portfolio Overview"
123,Phillip Price,james81@gmail.com,Account Director,Occupancy Management,San Francisco,Skyline Properties,Revenue Metrics,128,Oversees client accounts and relationships across multiple buildings or portfolios.,"Client Satisfaction, Portfolio Overview"
124,Stacey Flores,joseph42@becker.info,Account Director,Energy Management,Seattle,EverGrow Farms,Revenue Metrics,54,Oversees client accounts and relationships across multiple buildings or portfolios.,"Client Satisfaction, Portfolio Overview"
125,Paula Morrison,garciajason@logan.com,Account Director,Facilities Management,Seattle,Quantum Dynamics,Revenue Metrics,12,Oversees client accounts and relationships across multiple buildings or portfolios.,"Client Satisfaction, Portfolio Overview"
126,Dr. Karen Ortega MD,umiller@perez-chandler.org,Account Director,Occupancy Management,Houston,Skyline Properties,Revenue Metrics,19,Oversees client accounts and relationships across multiple buildings or portfolios.,"Client Satisfaction, Portfolio Overview"
127,Lisa Valdez,hmartin@gmail.com,Account Director,Facilities Management,Houston,StreamView Media,Revenue Metrics,98,Oversees client accounts and relationships across multiple buildings or portfolios.,"Client Satisfaction, Portfolio Overview"
128,Carl Ramirez,christinebird@watson.com,Chief Engineer,Facilities Management,Miami,StreamView Media,Energy Usage,92,Responsible for all engineering and technical disciplines.,"Energy Efficiency, Equipment Monitoring"
129,Patricia Cain,gonzalesrichard@johnson.biz,Chief Engineer,Facilities Management,Dallas,EverGrow Farms,Energy Usage,181,Responsible for all engineering and technical disciplines.,"Energy Efficiency, Equipment Monitoring"
130,Jesse Lucas,fflores@wagner-russell.com,Chief Engineer,Occupancy Management,Atlanta,TechSphere Inc.,Energy Usage,97,Responsible for all engineering and technical disciplines.,"Energy Efficiency, Equipment Monitoring"
131,Heather Woodward,monicaosborne@yahoo.com,Chief Engineer,Occupancy Management,Boston,StreamView Media,Energy Usage,91,Responsible for all engineering and technical disciplines.,"Energy Efficiency, Equipment Monitoring"
132,Andrea Long,wilcoxaustin@hernandez-clark.com,Chief Engineer,Energy Management,Los Angeles,Skyline Properties,Energy Usage,53,Responsible for all engineering and technical disciplines.,"Energy Efficiency, Equipment Monitoring"
133,Diana Cooper,michaelcarlson@hotmail.com,Chief Engineer,Occupancy Management,Boston,GreenLeaf Co.,Energy Usage,120,Responsible for all engineering and technical disciplines.,"Energy Efficiency, Equipment Monitoring"
134,Adriana Martinez,aaronmckay@yahoo.com,Chief Engineer,Lease Administration,New York,TechSphere Inc.,Energy Usage,76,Responsible for all engineering and technical disciplines.,"Energy Efficiency, Equipment Monitoring"
135,Robert Winters,coxamy@thomas-chavez.com,Chief Engineer,Facilities Management,Miami,Skyline Properties,Energy Usage,87,Responsible for all engineering and technical disciplines.,"Energy Efficiency, Equipment Monitoring"
136,Justin Williams,blakemelissa@hotmail.com,Chief Engineer,Facilities Management,Dallas,StreamView Media,Energy Usage,36,Responsible for all engineering and technical disciplines.,"Energy Efficiency, Equipment Monitoring"
137,Jeffrey Little,kwalters@bonilla.info,Chief Engineer,Occupancy Management,Miami,Quantum Dynamics,Energy Usage,7,Responsible for all engineering and technical disciplines.,"Energy Efficiency, Equipment Monitoring"
138,April Jackson,mcarpenter@chandler.biz,Chief Engineer,Lease Administration,Houston,Quantum Dynamics,Energy Usage,76,Responsible for all engineering and technical disciplines.,"Energy Efficiency, Equipment Monitoring"
139,William Combs,nfowler@yahoo.com,Chief Engineer,Occupancy Management,Dallas,GreenLeaf Co.,Energy Usage,59,Responsible for all engineering and technical disciplines.,"Energy Efficiency, Equipment Monitoring"
140,Sheena Avila,ganderson@hotmail.com,Chief Engineer,Energy Management,Seattle,NexaRetail,Energy Usage,69,Responsible for all engineering and technical disciplines.,"Energy Efficiency, Equipment Monitoring"
141,Maria Williams,curtismelissa@jones-hill.com,Chief Engineer,Energy Management,San Francisco,NexaRetail,Energy Usage,95,Responsible for all engineering and technical disciplines.,"Energy Efficiency, Equipment Monitoring"
142,Paul Allen,amanda30@yahoo.com,Chief Engineer,Occupancy Management,New York,Skyline Properties,Energy Usage,231,Responsible for all engineering and technical disciplines.,"Energy Efficiency, Equipment Monitoring"
143,Steven Roberson,richardsonfranklin@terry.biz,Chief Engineer,Lease Administration,Dallas,TechSphere Inc.,Energy Usage,112,Responsible for all engineering and technical disciplines.,"Energy Efficiency, Equipment Monitoring"
144,Kaitlin Campbell,padillaaimee@gray.com,Chief Engineer,Facilities Management,New York,TechSphere Inc.,Energy Usage,81,Responsible for all engineering and technical disciplines.,"Energy Efficiency, Equipment Monitoring"
145,Carl Ramirez,christinebird@watson.com,Chief Engineer,Facilities Management,Miami,StreamView Media,Equipment Health,40,Responsible for all engineering and technical disciplines.,"Energy Efficiency, Equipment Monitoring"
146,Patricia Cain,gonzalesrichard@johnson.biz,Chief Engineer,Facilities Management,Dallas,EverGrow Farms,Equipment Health,5,Responsible for all engineering and technical disciplines.,"Energy Efficiency, Equipment Monitoring"
147,Jesse Lucas,fflores@wagner-russell.com,Chief Engineer,Occupancy Management,Atlanta,TechSphere Inc.,Equipment Health,12,Responsible for all engineering and technical disciplines.,"Energy Efficiency, Equipment Monitoring"
148,Patrick Stewart,lopezalexander@green.org,Chief Engineer,Project Management,New York,NexaRetail,Equipment Health,61,Responsible for all engineering and technical disciplines.,"Energy Efficiency, Equipment Monitoring"
149,Jeremy White,jamesharper@yahoo.com,Chief Engineer,Project Management,Los Angeles,StreamView Media,Equipment Health,83,Responsible for all engineering and technical disciplines.,"Energy Efficiency, Equipment Monitoring"
150,Gina Hahn,fernandezsteven@yahoo.com,Chief Engineer,Project Management,Houston,NexaRetail,Equipment Health,46,Responsible for all engineering and technical disciplines.,"Energy Efficiency, Equipment Monitoring"
151,Adriana Martinez,aaronmckay@yahoo.com,Chief Engineer,Lease Administration,New York,TechSphere Inc.,Equipment Health,152,Responsible for all engineering and technical disciplines.,"Energy Efficiency, Equipment Monitoring"
152,Robert Winters,coxamy@thomas-chavez.com,Chief Engineer,Facilities Management,Miami,Skyline Properties,Equipment Health,7,Responsible for all engineering and technical disciplines.,"Energy Efficiency, Equipment Monitoring"
153,Justin Williams,blakemelissa@hotmail.com,Chief Engineer,Facilities Management,Dallas,StreamView Media,Equipment Health,35,Responsible for all engineering and technical disciplines.,"Energy Efficiency, Equipment Monitoring"
154,Jeffrey Little,kwalters@bonilla.info,Chief Engineer,Occupancy Management,Miami,Quantum Dynamics,Equipment Health,131,Responsible for all engineering and technical disciplines.,"Energy Efficiency, Equipment Monitoring"
155,April Jackson,mcarpenter@chandler.biz,Chief Engineer,Lease Administration,Houston,Quantum Dynamics,Equipment Health,47,Responsible for all engineering and technical disciplines.,"Energy Efficiency, Equipment Monitoring"
156,William Combs,nfowler@yahoo.com,Chief Engineer,Occupancy Management,Dallas,GreenLeaf Co.,Equipment Health,37,Responsible for all engineering and technical disciplines.,"Energy Efficiency, Equipment Monitoring"
157,Sheena Avila,ganderson@hotmail.com,Chief Engineer,Energy Management,Seattle,NexaRetail,Equipment Health,155,Responsible for all engineering and technical disciplines.,"Energy Efficiency, Equipment Monitoring"
158,Maria Williams,curtismelissa@jones-hill.com,Chief Engineer,Energy Management,San Francisco,NexaRetail,Equipment Health,39,Responsible for all engineering and technical disciplines.,"Energy Efficiency, Equipment Monitoring"
159,Paul Allen,amanda30@yahoo.com,Chief Engineer,Occupancy Management,New York,Skyline Properties,Equipment Health,4,Responsible for all engineering and technical disciplines.,"Energy Efficiency, Equipment Monitoring"
160,Steven Roberson,richardsonfranklin@terry.biz,Chief Engineer,Lease Administration,Dallas,TechSphere Inc.,Equipment Health,15,Responsible for all engineering and technical disciplines.,"Energy Efficiency, Equipment Monitoring"
161,Kaitlin Campbell,padillaaimee@gray.com,Chief Engineer,Facilities Management,New York,TechSphere Inc.,Equipment Health,93,Responsible for all engineering and technical disciplines.,"Energy Efficiency, Equipment Monitoring"
162,Derrick Stephenson,wilsonpatrick@wilson.info,Technician,Facilities Management,San Francisco,StreamView Media,Equipment Monitoring,22,Responsible for equipment maintenance and repairs.,"Equipment Health, Work Order Completion"
163,Mitchell Crawford,gabrielle50@phillips-wiley.com,Technician,Lease Administration,San Francisco,EverGrow Farms,Equipment Monitoring,28,Responsible for equipment maintenance and repairs.,"Equipment Health, Work Order Completion"
164,Susan Simon,anna03@yahoo.com,Technician,Facilities Management,Los Angeles,TechSphere Inc.,Equipment Monitoring,273,Responsible for equipment maintenance and repairs.,"Equipment Health, Work Order Completion"
165,Bobby George,edalton@kelly.info,Technician,Lease Administration,Dallas,StreamView Media,Equipment Monitoring,35,Responsible for equipment maintenance and repairs.,"Equipment Health, Work Order Completion"
166,Shannon Forbes MD,rhonda17@hotmail.com,Technician,Energy Management,Atlanta,TechSphere Inc.,Equipment Monitoring,149,Responsible for equipment maintenance and repairs.,"Equipment Health, Work Order Completion"
167,Jeffrey Dunn,tracy54@valenzuela-kramer.com,Technician,Energy Management,Seattle,EverGrow Farms,Equipment Monitoring,162,Responsible for equipment maintenance and repairs.,"Equipment Health, Work Order Completion"
168,Monique Hodges,pattersonjulie@house.com,Technician,Energy Management,San Francisco,Quantum Dynamics,Equipment Monitoring,48,Responsible for equipment maintenance and repairs.,"Equipment Health, Work Order Completion"
169,David Cole,gyoung@hotmail.com,Technician,Facilities Management,Chicago,Quantum Dynamics,Equipment Monitoring,140,Responsible for equipment maintenance and repairs.,"Equipment Health, Work Order Completion"
170,Patrick Haas,ruizkevin@gmail.com,Technician,Facilities Management,Miami,Bank of ACME,Equipment Monitoring,75,Responsible for equipment maintenance and repairs.,"Equipment Health, Work Order Completion"
171,Tara Parker,kiddmary@ross.info,Technician,Lease Administration,Chicago,Skyline Properties,Equipment Monitoring,200,Responsible for equipment maintenance and repairs.,"Equipment Health, Work Order Completion"
172,Desiree Smith,valentinescott@hotmail.com,Technician,Occupancy Management,Los Angeles,TechSphere Inc.,Equipment Monitoring,20,Responsible for equipment maintenance and repairs.,"Equipment Health, Work Order Completion"
173,Miss Rebecca Maldonado,ocrawford@hotmail.com,Technician,Occupancy Management,Dallas,Quantum Dynamics,Equipment Monitoring,94,Responsible for equipment maintenance and repairs.,"Equipment Health, Work Order Completion"
174,Nathaniel Stuart,sarah81@hotmail.com,Technician,Energy Management,Seattle,TechSphere Inc.,Equipment Monitoring,49,Responsible for equipment maintenance and repairs.,"Equipment Health, Work Order Completion"
175,Jessica Kline,jmitchell@wheeler-campbell.com,Technician,Project Management,Los Angeles,NexaRetail,Equipment Monitoring,116,Responsible for equipment maintenance and repairs.,"Equipment Health, Work Order Completion"
176,Mary Byrd,davidhamilton@yahoo.com,Technician,Lease Administration,Chicago,TechSphere Inc.,Equipment Monitoring,69,Responsible for equipment maintenance and repairs.,"Equipment Health, Work Order Completion"
177,Derrick Stephenson,wilsonpatrick@wilson.info,Technician,Facilities Management,San Francisco,StreamView Media,Work Order Status,171,Responsible for equipment maintenance and repairs.,"Equipment Health, Work Order Completion"
178,Mitchell Crawford,gabrielle50@phillips-wiley.com,Technician,Lease Administration,San Francisco,EverGrow Farms,Work Order Status,140,Responsible for equipment maintenance and repairs.,"Equipment Health, Work Order Completion"
179,Susan Simon,anna03@yahoo.com,Technician,Facilities Management,Los Angeles,TechSphere Inc.,Work Order Status,7,Responsible for equipment maintenance and repairs.,"Equipment Health, Work Order Completion"
180,David Cole,gyoung@hotmail.com,Technician,Facilities Management,Chicago,Quantum Dynamics,Work Order Status,25,Responsible for equipment maintenance and repairs.,"Equipment Health, Work Order Completion"
181,Patrick Haas,ruizkevin@gmail.com,Technician,Facilities Management,Miami,Bank of ACME,Work Order Status,26,Responsible for equipment maintenance and repairs.,"Equipment Health, Work Order Completion"
182,Desiree Smith,valentinescott@hotmail.com,Technician,Occupancy Management,Los Angeles,TechSphere Inc.,Work Order Status,115,Responsible for equipment maintenance and repairs.,"Equipment Health, Work Order Completion"
183,Angel Rodriguez,mpittman@marshall.com,Technician,Occupancy Management,Atlanta,NexaRetail,Work Order Status,61,Responsible for equipment maintenance and repairs.,"Equipment Health, Work Order Completion"
184,Harold Carrillo,adamslaura@lyons.com,Technician,Occupancy Management,Atlanta,Bank of ACME,Work Order Status,21,Responsible for equipment maintenance and repairs.,"Equipment Health, Work Order Completion"
185,Miss Rebecca Maldonado,ocrawford@hotmail.com,Technician,Occupancy Management,Dallas,Quantum Dynamics,Work Order Status,39,Responsible for equipment maintenance and repairs.,"Equipment Health, Work Order Completion"
186,Bryan Jordan,washingtonkatie@gmail.com,Technician,Project Management,Miami,Skyline Properties,Work Order Status,182,Responsible for equipment maintenance and repairs.,"Equipment Health, Work Order Completion"
187,Mr. Jacob Lawson,arnolddeanna@lee.com,Technician,Energy Management,New York,TechSphere Inc.,Work Order Status,190,Responsible for equipment maintenance and repairs.,"Equipment Health, Work Order Completion"
188,John Vega,juliajohnson@smith.biz,Technician,Lease Administration,Chicago,TechSphere Inc.,Work Order Status,151,Responsible for equipment maintenance and repairs.,"Equipment Health, Work Order Completion"
189,Mary Byrd,davidhamilton@yahoo.com,Technician,Lease Administration,Chicago,TechSphere Inc.,Work Order Status,9,Responsible for equipment maintenance and repairs.,"Equipment Health, Work Order Completion"
190,Albert Anderson,popejesse@gmail.com,Technician,Project Management,Seattle,Quantum Dynamics,Work Order Status,243,Responsible for equipment maintenance and repairs.,"Equipment Health, Work Order Completion"
191,Brian Diaz,ginaking@martinez.biz,Technician,Energy Management,Dallas,Quantum Dynamics,Work Order Status,10,Responsible for equipment maintenance and repairs.,"Equipment Health, Work Order Completion"
192,Charles Potts,amy99@hotmail.com,Facility Coordinator,Energy Management,Boston,TechSphere Inc.,Facility Utilization,38,Coordinates facility activities and schedules.,"Facility Utilization, Maintenance Schedules"
193,Seth Herrera,pettystephen@gmail.com,Facility Coordinator,Occupancy Management,Seattle,Quantum Dynamics,Facility Utilization,159,Coordinates facility activities and schedules.,"Facility Utilization, Maintenance Schedules"
194,Dillon Wiley,slamb@hotmail.com,Facility Coordinator,Lease Administration,New York,NexaRetail,Facility Utilization,64,Coordinates facility activities and schedules.,"Facility Utilization, Maintenance Schedules"
195,Eugene Scott,rachelsimmons@yahoo.com,Facility Coordinator,Project Management,San Francisco,Quantum Dynamics,Facility Utilization,94,Coordinates facility activities and schedules.,"Facility Utilization, Maintenance Schedules"
196,Valerie Jones,staceyhale@fernandez-martinez.com,Facility Coordinator,Occupancy Management,Boston,Skyline Properties,Facility Utilization,42,Coordinates facility activities and schedules.,"Facility Utilization, Maintenance Schedules"
197,Mrs. Tracie Stephens DDS,rileycrystal@ruiz.com,Facility Coordinator,Energy Management,Houston,TechSphere Inc.,Facility Utilization,88,Coordinates facility activities and schedules.,"Facility Utilization, Maintenance Schedules"
198,Franklin Gibson MD,grahamjamie@hotmail.com,Facility Coordinator,Energy Management,Houston,EverGrow Farms,Facility Utilization,86,Coordinates facility activities and schedules.,"Facility Utilization, Maintenance Schedules"
199,Danielle Wilson,daniel51@vasquez-brown.biz,Facility Coordinator,Energy Management,San Francisco,TechSphere Inc.,Facility Utilization,95,Coordinates facility activities and schedules.,"Facility Utilization, Maintenance Schedules"
200,Theodore Meza,jennifer77@yahoo.com,Facility Coordinator,Energy Management,Houston,Quantum Dynamics,Facility Utilization,14,Coordinates facility activities and schedules.,"Facility Utilization, Maintenance Schedules"
201,Edward Gibson,brianharris@nunez.info,Facility Coordinator,Project Management,New York,Quantum Dynamics,Facility Utilization,16,Coordinates facility activities and schedules.,"Facility Utilization, Maintenance Schedules"
202,Jamie Stanton,anthony89@james-ramos.com,Facility Coordinator,Facilities Management,Miami,Bank of ACME,Facility Utilization,23,Coordinates facility activities and schedules.,"Facility Utilization, Maintenance Schedules"
203,Steven Mercer,waltersbrandy@torres.com,Facility Coordinator,Energy Management,Seattle,Bank of ACME,Facility Utilization,111,Coordinates facility activities and schedules.,"Facility Utilization, Maintenance Schedules"
204,Betty Lin,youngrichard@gmail.com,Facility Coordinator,Occupancy Management,Boston,Skyline Properties,Facility Utilization,86,Coordinates facility activities and schedules.,"Facility Utilization, Maintenance Schedules"
205,Dustin Hernandez,colemandanielle@gmail.com,Facility Coordinator,Energy Management,Chicago,Bank of ACME,Facility Utilization,94,Coordinates facility activities and schedules.,"Facility Utilization, Maintenance Schedules"
206,Michelle Farrell,gainesjustin@park-johnson.com,Facility Coordinator,Project Management,Seattle,Quantum Dynamics,Facility Utilization,48,Coordinates facility activities and schedules.,"Facility Utilization, Maintenance Schedules"
207,Nicole Hines,tara62@hotmail.com,Facility Coordinator,Energy Management,Los Angeles,GreenLeaf Co.,Facility Utilization,40,Coordinates facility activities and schedules.,"Facility Utilization, Maintenance Schedules"
208,Mark Matthews,jonathan95@hotmail.com,Facility Coordinator,Energy Management,Los Angeles,NexaRetail,Facility Utilization,116,Coordinates facility activities and schedules.,"Facility Utilization, Maintenance Schedules"
209,Kristina Peters,barnesmaria@harris-stone.com,Facility Coordinator,Lease Administration,Seattle,Bank of ACME,Facility Utilization,46,Coordinates facility activities and schedules.,"Facility Utilization, Maintenance Schedules"
210,Whitney Richards,richard56@martinez.com,Facility Coordinator,Energy Management,Seattle,TechSphere Inc.,Facility Utilization,83,Coordinates facility activities and schedules.,"Facility Utilization, Maintenance Schedules"
211,Kayla Gutierrez,grace40@yahoo.com,Facility Coordinator,Energy Management,San Francisco,EverGrow Farms,Facility Utilization,117,Coordinates facility activities and schedules.,"Facility Utilization, Maintenance Schedules"
212,Charles Potts,amy99@hotmail.com,Facility Coordinator,Energy Management,Boston,TechSphere Inc.,Maintenance Schedules,96,Coordinates facility activities and schedules.,"Facility Utilization, Maintenance Schedules"
213,Seth Herrera,pettystephen@gmail.com,Facility Coordinator,Occupancy Management,Seattle,Quantum Dynamics,Maintenance Schedules,132,Coordinates facility activities and schedules.,"Facility Utilization, Maintenance Schedules"
214,Dillon Wiley,slamb@hotmail.com,Facility Coordinator,Lease Administration,New York,NexaRetail,Maintenance Schedules,36,Coordinates facility activities and schedules.,"Facility Utilization, Maintenance Schedules"
215,Mrs. Julia Carter,michaelbrady@walls.net,Facility Coordinator,Occupancy Management,Houston,TechSphere Inc.,Maintenance Schedules,89,Coordinates facility activities and schedules.,"Facility Utilization, Maintenance Schedules"
216,Eugene Scott,rachelsimmons@yahoo.com,Facility Coordinator,Project Management,San Francisco,Quantum Dynamics,Maintenance Schedules,16,Coordinates facility activities and schedules.,"Facility Utilization, Maintenance Schedules"
217,Valerie Jones,staceyhale@fernandez-martinez.com,Facility Coordinator,Occupancy Management,Boston,Skyline Properties,Maintenance Schedules,97,Coordinates facility activities and schedules.,"Facility Utilization, Maintenance Schedules"
218,Mrs. Tracie Stephens DDS,rileycrystal@ruiz.com,Facility Coordinator,Energy Management,Houston,TechSphere Inc.,Maintenance Schedules,10,Coordinates facility activities and schedules.,"Facility Utilization, Maintenance Schedules"
219,Alicia Ryan,dramos@gmail.com,Facility Coordinator,Project Management,Miami,Skyline Properties,Maintenance Schedules,144,Coordinates facility activities and schedules.,"Facility Utilization, Maintenance Schedules"
220,Franklin Gibson MD,grahamjamie@hotmail.com,Facility Coordinator,Energy Management,Houston,EverGrow Farms,Maintenance Schedules,74,Coordinates facility activities and schedules.,"Facility Utilization, Maintenance Schedules"
221,Melissa Phillips,erincastro@hotmail.com,Facility Coordinator,Occupancy Management,Los Angeles,Quantum Dynamics,Maintenance Schedules,82,Coordinates facility activities and schedules.,"Facility Utilization, Maintenance Schedules"
222,Danielle Wilson,daniel51@vasquez-brown.biz,Facility Coordinator,Energy Management,San Francisco,TechSphere Inc.,Maintenance Schedules,5,Coordinates facility activities and schedules.,"Facility Utilization, Maintenance Schedules"
223,Theodore Meza,jennifer77@yahoo.com,Facility Coordinator,Energy Management,Houston,Quantum Dynamics,Maintenance Schedules,91,Coordinates facility activities and schedules.,"Facility Utilization, Maintenance Schedules"
224,Edward Gibson,brianharris@nunez.info,Facility Coordinator,Project Management,New York,Quantum Dynamics,Maintenance Schedules,34,Coordinates facility activities and schedules.,"Facility Utilization, Maintenance Schedules"
225,Steven Mercer,waltersbrandy@torres.com,Facility Coordinator,Energy Management,Seattle,Bank of ACME,Maintenance Schedules,102,Coordinates facility activities and schedules.,"Facility Utilization, Maintenance Schedules"
226,Tyler Hawkins,xmercer@horn-morris.info,Facility Coordinator,Lease Administration,Chicago,StreamView Media,Maintenance Schedules,181,Coordinates facility activities and schedules.,"Facility Utilization, Maintenance Schedules"
227,Betty Lin,youngrichard@gmail.com,Facility Coordinator,Occupancy Management,Boston,Skyline Properties,Maintenance Schedules,104,Coordinates facility activities and schedules.,"Facility Utilization, Maintenance Schedules"
228,Vanessa Powell,lblake@gmail.com,Facility Coordinator,Project Management,Houston,TechSphere Inc.,Maintenance Schedules,84,Coordinates facility activities and schedules.,"Facility Utilization, Maintenance Schedules"
229,Dustin Hernandez,colemandanielle@gmail.com,Facility Coordinator,Energy Management,Chicago,Bank of ACME,Maintenance Schedules,78,Coordinates facility activities and schedules.,"Facility Utilization, Maintenance Schedules"
230,Michelle Farrell,gainesjustin@park-johnson.com,Facility Coordinator,Project Management,Seattle,Quantum Dynamics,Maintenance Schedules,20,Coordinates facility activities and schedules.,"Facility Utilization, Maintenance Schedules"
231,Sherry Tran,moraleskarla@hendrix-anderson.com,Facility Coordinator,Energy Management,New York,Bank of ACME,Maintenance Schedules,8,Coordinates facility activities and schedules.,"Facility Utilization, Maintenance Schedules"
232,Nicole Hines,tara62@hotmail.com,Facility Coordinator,Energy Management,Los Angeles,GreenLeaf Co.,Maintenance Schedules,162,Coordinates facility activities and schedules.,"Facility Utilization, Maintenance Schedules"
233,Kristina Peters,barnesmaria@harris-stone.com,Facility Coordinator,Lease Administration,Seattle,Bank of ACME,Maintenance Schedules,84,Coordinates facility activities and schedules.,"Facility Utilization, Maintenance Schedules"
234,Whitney Richards,richard56@martinez.com,Facility Coordinator,Energy Management,Seattle,TechSphere Inc.,Maintenance Schedules,62,Coordinates facility activities and schedules.,"Facility Utilization, Maintenance Schedules"
235,Kayla Gutierrez,grace40@yahoo.com,Facility Coordinator,Energy Management,San Francisco,EverGrow Farms,Maintenance Schedules,110,Coordinates facility activities and schedules.,"Facility Utilization, Maintenance Schedules"
236,William Coleman,sandragreen@christensen.com,Leasing Manager,Project Management,Atlanta,NexaRetail,Lease Expirations,91,Manages leases for one or multiple buildings.,"Lease Expirations, New Leases"
237,Ariel Miller,diaztara@hotmail.com,Leasing Manager,Occupancy Management,Atlanta,Quantum Dynamics,Lease Expirations,111,Manages leases for one or multiple buildings.,"Lease Expirations, New Leases"
238,Jody Martinez,alexis55@garrett.net,Leasing Manager,Energy Management,Los Angeles,GreenLeaf Co.,Lease Expirations,159,Manages leases for one or multiple buildings.,"Lease Expirations, New Leases"
239,Scott Hicks,carsonscott@hotmail.com,Leasing Manager,Energy Management,Miami,Skyline Properties,Lease Expirations,85,Manages leases for one or multiple buildings.,"Lease Expirations, New Leases"
240,Emily Smith,james37@burns-garza.net,Leasing Manager,Energy Management,Seattle,TechSphere Inc.,Lease Expirations,232,Manages leases for one or multiple buildings.,"Lease Expirations, New Leases"
241,Chase Ramos,kathrynharrison@yahoo.com,Leasing Manager,Facilities Management,Houston,Quantum Dynamics,Lease Expirations,69,Manages leases for one or multiple buildings.,"Lease Expirations, New Leases"
242,Gerald Carter,colin29@smith-vasquez.com,Leasing Manager,Energy Management,Dallas,StreamView Media,Lease Expirations,87,Manages leases for one or multiple buildings.,"Lease Expirations, New Leases"
243,Daniel Chambers,martinrachel@hawkins.info,Leasing Manager,Facilities Management,Atlanta,TechSphere Inc.,Lease Expirations,46,Manages leases for one or multiple buildings.,"Lease Expirations, New Leases"
244,Bradley Jenkins,lmitchell@gmail.com,Leasing Manager,Facilities Management,Miami,Skyline Properties,Lease Expirations,78,Manages leases for one or multiple buildings.,"Lease Expirations, New Leases"
245,Ronald Pineda,stevenfloyd@hotmail.com,Leasing Manager,Project Management,San Francisco,NexaRetail,Lease Expirations,137,Manages leases for one or multiple buildings.,"Lease Expirations, New Leases"
246,Kevin Kennedy,kevinrodriguez@morgan.info,Leasing Manager,Occupancy Management,Dallas,NexaRetail,Lease Expirations,150,Manages leases for one or multiple buildings.,"Lease Expirations, New Leases"
247,John Wright,deckervanessa@miller-harris.org,Leasing Manager,Project Management,New York,Bank of ACME,Lease Expirations,88,Manages leases for one or multiple buildings.,"Lease Expirations, New Leases"
248,Mary Burgess,elizabethwarner@coleman.com,Leasing Manager,Lease Administration,Miami,NexaRetail,Lease Expirations,68,Manages leases for one or multiple buildings.,"Lease Expirations, New Leases"
249,Michelle Bryant,beckycross@yahoo.com,Leasing Manager,Lease Administration,Dallas,GreenLeaf Co.,Lease Expirations,16,Manages leases for one or multiple buildings.,"Lease Expirations, New Leases"
250,Stephanie Williams,megan24@gmail.com,Leasing Manager,Facilities Management,Chicago,Quantum Dynamics,Lease Expirations,116,Manages leases for one or multiple buildings.,"Lease Expirations, New Leases"
251,Jordan Lawrence,patriciahammond@gmail.com,Leasing Manager,Occupancy Management,Los Angeles,Skyline Properties,Lease Expirations,11,Manages leases for one or multiple buildings.,"Lease Expirations, New Leases"
252,William Blackwell,gholden@gmail.com,Leasing Manager,Occupancy Management,Dallas,Skyline Properties,Lease Expirations,177,Manages leases for one or multiple buildings.,"Lease Expirations, New Leases"
253,Angelica Novak,rdunlap@yahoo.com,Leasing Manager,Energy Management,Chicago,GreenLeaf Co.,Lease Expirations,82,Manages leases for one or multiple buildings.,"Lease Expirations, New Leases"
254,Stephanie Nelson,gallegosmark@tran.com,Leasing Manager,Energy Management,Los Angeles,EverGrow Farms,Lease Expirations,66,Manages leases for one or multiple buildings.,"Lease Expirations, New Leases"
255,Megan Vasquez,dgross@gmail.com,Leasing Manager,Energy Management,Seattle,TechSphere Inc.,Lease Expirations,82,Manages leases for one or multiple buildings.,"Lease Expirations, New Leases"
256,Jennifer Harrington,butlerjonathan@hotmail.com,Leasing Manager,Energy Management,Boston,StreamView Media,Lease Expirations,68,Manages leases for one or multiple buildings.,"Lease Expirations, New Leases"
257,Jordan Rivera,christiankelly@gmail.com,Leasing Manager,Lease Administration,Houston,TechSphere Inc.,Lease Expirations,135,Manages leases for one or multiple buildings.,"Lease Expirations, New Leases"
258,Casey Barry,jmiller@hotmail.com,Leasing Manager,Project Management,Dallas,Skyline Properties,Lease Expirations,44,Manages leases for one or multiple buildings.,"Lease Expirations, New Leases"
259,William Coleman,sandragreen@christensen.com,Leasing Manager,Project Management,Atlanta,NexaRetail,New Leases,94,Manages leases for one or multiple buildings.,"Lease Expirations, New Leases"
260,Tammy Anderson,ppeterson@gmail.com,Leasing Manager,Facilities Management,Houston,Bank of ACME,New Leases,149,Manages leases for one or multiple buildings.,"Lease Expirations, New Leases"
261,Ariel Miller,diaztara@hotmail.com,Leasing Manager,Occupancy Management,Atlanta,Quantum Dynamics,New Leases,83,Manages leases for one or multiple buildings.,"Lease Expirations, New Leases"
262,Jody Martinez,alexis55@garrett.net,Leasing Manager,Energy Management,Los Angeles,GreenLeaf Co.,New Leases,47,Manages leases for one or multiple buildings.,"Lease Expirations, New Leases"
263,Emily Smith,james37@burns-garza.net,Leasing Manager,Energy Management,Seattle,TechSphere Inc.,New Leases,76,Manages leases for one or multiple buildings.,"Lease Expirations, New Leases"
264,Chase Ramos,kathrynharrison@yahoo.com,Leasing Manager,Facilities Management,Houston,Quantum Dynamics,New Leases,62,Manages leases for one or multiple buildings.,"Lease Expirations, New Leases"
265,Gerald Carter,colin29@smith-vasquez.com,Leasing Manager,Energy Management,Dallas,StreamView Media,New Leases,141,Manages leases for one or multiple buildings.,"Lease Expirations, New Leases"
266,Daniel Chambers,martinrachel@hawkins.info,Leasing Manager,Facilities Management,Atlanta,TechSphere Inc.,New Leases,50,Manages leases for one or multiple buildings.,"Lease Expirations, New Leases"
267,Bradley Jenkins,lmitchell@gmail.com,Leasing Manager,Facilities Management,Miami,Skyline Properties,New Leases,59,Manages leases for one or multiple buildings.,"Lease Expirations, New Leases"
268,Gregory Brown,john59@yahoo.com,Leasing Manager,Lease Administration,Houston,EverGrow Farms,New Leases,188,Manages leases for one or multiple buildings.,"Lease Expirations, New Leases"
269,Ronald Pineda,stevenfloyd@hotmail.com,Leasing Manager,Project Management,San Francisco,NexaRetail,New Leases,53,Manages leases for one or multiple buildings.,"Lease Expirations, New Leases"
270,Kevin Kennedy,kevinrodriguez@morgan.info,Leasing Manager,Occupancy Management,Dallas,NexaRetail,New Leases,69,Manages leases for one or multiple buildings.,"Lease Expirations, New Leases"
271,John Wright,deckervanessa@miller-harris.org,Leasing Manager,Project Management,New York,Bank of ACME,New Leases,20,Manages leases for one or multiple buildings.,"Lease Expirations, New Leases"
272,Mary Burgess,elizabethwarner@coleman.com,Leasing Manager,Lease Administration,Miami,NexaRetail,New Leases,62,Manages leases for one or multiple buildings.,"Lease Expirations, New Leases"
273,Michelle Bryant,beckycross@yahoo.com,Leasing Manager,Lease Administration,Dallas,GreenLeaf Co.,New Leases,76,Manages leases for one or multiple buildings.,"Lease Expirations, New Leases"
274,Angelica Novak,rdunlap@yahoo.com,Leasing Manager,Energy Management,Chicago,GreenLeaf Co.,New Leases,18,Manages leases for one or multiple buildings.,"Lease Expirations, New Leases"
275,Richard Gomez,jensenlori@werner.com,Leasing Manager,Occupancy Management,Seattle,Quantum Dynamics,New Leases,106,Manages leases for one or multiple buildings.,"Lease Expirations, New Leases"
276,Ralph Lamb,taylorjillian@yahoo.com,Leasing Manager,Energy Management,Seattle,StreamView Media,New Leases,87,Manages leases for one or multiple buildings.,"Lease Expirations, New Leases"
277,Megan Vasquez,dgross@gmail.com,Leasing Manager,Energy Management,Seattle,TechSphere Inc.,New Leases,262,Manages leases for one or multiple buildings.,"Lease Expirations, New Leases"
278,Jennifer Harrington,butlerjonathan@hotmail.com,Leasing Manager,Energy Management,Boston,StreamView Media,New Leases,113,Manages leases for one or multiple buildings.,"Lease Expirations, New Leases"
279,Jordan Rivera,christiankelly@gmail.com,Leasing Manager,Lease Administration,Houston,TechSphere Inc.,New Leases,119,Manages leases for one or multiple buildings.,"Lease Expirations, New Leases"
280,Kenneth Johnson,kelliejohnston@yahoo.com,Leasing Manager,Facilities Management,Los Angeles,GreenLeaf Co.,New Leases,147,Manages leases for one or multiple buildings.,"Lease Expirations, New Leases"
281,Casey Barry,jmiller@hotmail.com,Leasing Manager,Project Management,Dallas,Skyline Properties,New Leases,175,Manages leases for one or multiple buildings.,"Lease Expirations, New Leases"
282,Michael Patrick,jprice@hotmail.com,Maintenance Supervisor,Energy Management,Los Angeles,TechSphere Inc.,Preventative Maintenance,0,Oversees maintenance activities for one or more buildings.,"Preventative Maintenance, Work Order Completion"
283,Allison Dominguez DVM,baldwintracey@frazier-silva.org,Maintenance Supervisor,Facilities Management,Los Angeles,Skyline Properties,Preventative Maintenance,41,Oversees maintenance activities for one or more buildings.,"Preventative Maintenance, Work Order Completion"
284,Robert Valdez,yali@tapia.com,Maintenance Supervisor,Facilities Management,Miami,EverGrow Farms,Preventative Maintenance,57,Oversees maintenance activities for one or more buildings.,"Preventative Maintenance, Work Order Completion"
285,Gerald Watson,bonnie82@ross-thompson.com,Maintenance Supervisor,Project Management,Seattle,EverGrow Farms,Preventative Maintenance,26,Oversees maintenance activities for one or more buildings.,"Preventative Maintenance, Work Order Completion"
286,Karen Heath,blackwelljoshua@gmail.com,Maintenance Supervisor,Energy Management,Seattle,TechSphere Inc.,Preventative Maintenance,55,Oversees maintenance activities for one or more buildings.,"Preventative Maintenance, Work Order Completion"
287,Mary Yang,linda39@davis.com,Maintenance Supervisor,Lease Administration,New York,StreamView Media,Preventative Maintenance,26,Oversees maintenance activities for one or more buildings.,"Preventative Maintenance, Work Order Completion"
288,Brian Hansen,martinezthomas@hotmail.com,Maintenance Supervisor,Energy Management,New York,Bank of ACME,Preventative Maintenance,121,Oversees maintenance activities for one or more buildings.,"Preventative Maintenance, Work Order Completion"
289,Darryl Curtis,edwardsmichael@dunlap-matthews.info,Maintenance Supervisor,Project Management,Houston,TechSphere Inc.,Preventative Maintenance,25,Oversees maintenance activities for one or more buildings.,"Preventative Maintenance, Work Order Completion"
290,Debra Davidson,nedwards@wilson-jenkins.com,Maintenance Supervisor,Energy Management,Dallas,GreenLeaf Co.,Preventative Maintenance,78,Oversees maintenance activities for one or more buildings.,"Preventative Maintenance, Work Order Completion"
291,Frank Davis,abbottanthony@yahoo.com,Maintenance Supervisor,Lease Administration,Dallas,EverGrow Farms,Preventative Maintenance,64,Oversees maintenance activities for one or more buildings.,"Preventative Maintenance, Work Order Completion"
292,Justin Odonnell,gilbertedwards@yahoo.com,Maintenance Supervisor,Facilities Management,Miami,Bank of ACME,Preventative Maintenance,15,Oversees maintenance activities for one or more buildings.,"Preventative Maintenance, Work Order Completion"
293,Brandon Ellis,mayala@yahoo.com,Maintenance Supervisor,Facilities Management,Houston,GreenLeaf Co.,Preventative Maintenance,43,Oversees maintenance activities for one or more buildings.,"Preventative Maintenance, Work Order Completion"
294,Cody Rivas,adamcole@david.com,Maintenance Supervisor,Occupancy Management,Dallas,Quantum Dynamics,Preventative Maintenance,96,Oversees maintenance activities for one or more buildings.,"Preventative Maintenance, Work Order Completion"
295,Ashley Johnson,rmelendez@gmail.com,Maintenance Supervisor,Project Management,Seattle,TechSphere Inc.,Preventative Maintenance,73,Oversees maintenance activities for one or more buildings.,"Preventative Maintenance, Work Order Completion"
296,Christopher Day,carriemathews@gmail.com,Maintenance Supervisor,Facilities Management,Miami,GreenLeaf Co.,Preventative Maintenance,2,Oversees maintenance activities for one or more buildings.,"Preventative Maintenance, Work Order Completion"
297,Nathan Bridges,hcoleman@bautista-carroll.com,Maintenance Supervisor,Project Management,Chicago,Quantum Dynamics,Preventative Maintenance,122,Oversees maintenance activities for one or more buildings.,"Preventative Maintenance, Work Order Completion"
298,Carlos Montgomery,kathleentaylor@boyd.net,Maintenance Supervisor,Project Management,Seattle,StreamView Media,Preventative Maintenance,59,Oversees maintenance activities for one or more buildings.,"Preventative Maintenance, Work Order Completion"
299,Kathleen Hamilton,wilsonjames@gmail.com,Maintenance Supervisor,Lease Administration,Dallas,Quantum Dynamics,Preventative Maintenance,123,Oversees maintenance activities for one or more buildings.,"Preventative Maintenance, Work Order Completion"
300,Allison Dominguez DVM,baldwintracey@frazier-silva.org,Maintenance Supervisor,Facilities Management,Los Angeles,Skyline Properties,Work Order Completion,155,Oversees maintenance activities for one or more buildings.,"Preventative Maintenance, Work Order Completion"
301,Robert Valdez,yali@tapia.com,Maintenance Supervisor,Facilities Management,Miami,EverGrow Farms,Work Order Completion,49,Oversees maintenance activities for one or more buildings.,"Preventative Maintenance, Work Order Completion"
302,Gerald Watson,bonnie82@ross-thompson.com,Maintenance Supervisor,Project Management,Seattle,EverGrow Farms,Work Order Completion,144,Oversees maintenance activities for one or more buildings.,"Preventative Maintenance, Work Order Completion"
303,Karen Heath,blackwelljoshua@gmail.com,Maintenance Supervisor,Energy Management,Seattle,TechSphere Inc.,Work Order Completion,129,Oversees maintenance activities for one or more buildings.,"Preventative Maintenance, Work Order Completion"
304,Mary Yang,linda39@davis.com,Maintenance Supervisor,Lease Administration,New York,StreamView Media,Work Order Completion,52,Oversees maintenance activities for one or more buildings.,"Preventative Maintenance, Work Order Completion"
305,Christian Harmon,dariusgonzalez@ibarra.info,Maintenance Supervisor,Project Management,New York,TechSphere Inc.,Work Order Completion,98,Oversees maintenance activities for one or more buildings.,"Preventative Maintenance, Work Order Completion"
306,Brian Hansen,martinezthomas@hotmail.com,Maintenance Supervisor,Energy Management,New York,Bank of ACME,Work Order Completion,119,Oversees maintenance activities for one or more buildings.,"Preventative Maintenance, Work Order Completion"
307,Nathaniel Griffin,jamescampbell@hotmail.com,Maintenance Supervisor,Energy Management,Dallas,NexaRetail,Work Order Completion,161,Oversees maintenance activities for one or more buildings.,"Preventative Maintenance, Work Order Completion"
308,Debra Davidson,nedwards@wilson-jenkins.com,Maintenance Supervisor,Energy Management,Dallas,GreenLeaf Co.,Work Order Completion,188,Oversees maintenance activities for one or more buildings.,"Preventative Maintenance, Work Order Completion"
309,Frank Davis,abbottanthony@yahoo.com,Maintenance Supervisor,Lease Administration,Dallas,EverGrow Farms,Work Order Completion,65,Oversees maintenance activities for one or more buildings.,"Preventative Maintenance, Work Order Completion"
310,Wesley Smith,lgarcia@gmail.com,Maintenance Supervisor,Lease Administration,Boston,NexaRetail,Work Order Completion,145,Oversees maintenance activities for one or more buildings.,"Preventative Maintenance, Work Order Completion"
311,Justin Odonnell,gilbertedwards@yahoo.com,Maintenance Supervisor,Facilities Management,Miami,Bank of ACME,Work Order Completion,75,Oversees maintenance activities for one or more buildings.,"Preventative Maintenance, Work Order Completion"
312,Brandon Ellis,mayala@yahoo.com,Maintenance Supervisor,Facilities Management,Houston,GreenLeaf Co.,Work Order Completion,54,Oversees maintenance activities for one or more buildings.,"Preventative Maintenance, Work Order Completion"
313,Kimberly Brooks,juan50@lewis.net,Maintenance Supervisor,Facilities Management,Houston,Bank of ACME,Work Order Completion,95,Oversees maintenance activities for one or more buildings.,"Preventative Maintenance, Work Order Completion"
314,Ashley Johnson,rmelendez@gmail.com,Maintenance Supervisor,Project Management,Seattle,TechSphere Inc.,Work Order Completion,27,Oversees maintenance activities for one or more buildings.,"Preventative Maintenance, Work Order Completion"
315,Christopher Day,carriemathews@gmail.com,Maintenance Supervisor,Facilities Management,Miami,GreenLeaf Co.,Work Order Completion,1,Oversees maintenance activities for one or more buildings.,"Preventative Maintenance, Work Order Completion"
316,Diana Wright,robertsonrobert@anthony.com,Maintenance Supervisor,Energy Management,San Francisco,Bank of ACME,Work Order Completion,21,Oversees maintenance activities for one or more buildings.,"Preventative Maintenance, Work Order Completion"
317,Kathleen Hamilton,wilsonjames@gmail.com,Maintenance Supervisor,Lease Administration,Dallas,Quantum Dynamics,Work Order Completion,54,Oversees maintenance activities for one or more buildings.,"Preventative Maintenance, Work Order Completion"
